Id,Time,Action_Freq,Url_Freq,Email_Freq,Attach,FSize,Class
{A0B0-M9AW42XP-7395SLMY},488,0.01998002,0.010989011,0.011011011,0.070342205,1,N
{A100-T2PX71WE-3984YLKJ},900,0.060939061,0.015984016,0.016016016,0.085551331,1,Y
{A1F0-H8GQ18JK-9092MCXE},468,0.00999001,0.005994006,0.006006006,0.007604563,1,N
{A1J8-U4PJ70LP-4977AFHT},482,0.00999001,0,0,0.01774398,1,N
{A1N7-R0EE04SC-8647DLGP},574,0.027972028,0.011988012,0.012012012,0.057667934,1,Y
{A1Y4-D5CK93QK-8245XWAI},437,0.005994006,0.007992008,0.008008008,0.002534854,1,N
{A2X8-M1CO01ZX-4186NXLN},667,0.028971029,0.006993007,0.007007007,0.095057034,1,Y
{A4M8-G7NR31YZ-7758RQRD},954,0.000999001,0,0,0,0,N
{A4R1-Y6NI95SH-1531VBPG},101,0.000999001,0,0,0,0,N
{A4S2-F8IV39PU-0854TBHM},227,0.000999001,0,0,0,0,N
{A4W3-H5NU91WY-5961XHUR},246,0.000999001,0,0,0,0,N
{A5Q3-C0DQ03JS-4346FDFI},371,0.000999001,0,0,0,0,N
{A5T5-M9ZR50IK-9482PCAC},967,0.000999001,0,0,0,0,N
{A6N5-K0EE02YR-3113GVCR},192,0.000999001,0,0,0,0,N
{A7W2-A6BT05YS-2364GETB},465,0.000999001,0,0,0,0,N
{A9C9-I8ZF12WP-1316UOIL},258,0.000999001,0,0,0,0,N
{A9G7-Y3JR64DM-6115PYXI},384,0.000999001,0,0,0,0,N
{A9I0-J2DC47PC-5132ZREF},980,0.000999001,0,0,0,0,N
{A9M3-S0RM66LD-4336QZTF},353,0.000999001,0,0,0,0,N
{A9V9-M6TY16CH-0698XEIQ},948,0.000999001,0,0,0,0,N
{A9W7-Z7OO54QE-4312DUHG},174,0.000999001,0,0,0,0,N
{A9Y0-Z7GB10QG-4420QTUK},447,0.000999001,0,0,0,0,N
{AOW6-POZB86F-0757WVMS},482,0.00999001,0,0,0.024714829,1,N
{B0H7-J4DR34NN-4855XYIF},240,0.000999001,0,0,0,0,N
{B1C7-Z6XC76KV-6067MGOA},365,0.000999001,0,0,0,0,N
{B1F6-Q3QQ10DK-0433PXKN},638,0.000999001,0,0,0,0,N
{B1H2-H5KF25FM-7868FKSY},334,0.000999001,0,0,0,0,N
{B1O3-V3XP85KK-5018XNBA},930,0.000999001,0,0,0,0,N
{B1O6-M3MI98PE-8842JZVZ},155,0.000999001,0,0,0,0,N
{B1P9-Y6SV78FV-9413TLSF},751,0.000999001,0,0,0,0,N
{B2B9-Y8XO87SG-3822BJDX},124,0.000999001,0,0,0,0,N
{B2E8-X1FY35HZ-0693JZEJ},249,0.000999001,0,0,0,0,N
{B2G6-P1EL81LY-1607ESVS},522,0.000999001,0,0,0,0,N
{B2N8-N5IB16XO-3194NFTI},218,0.000999001,0,0,0,0,N
{B2O8-C9BH53DY-7419PQXD},814,0.000999001,0,0,0,0,N
{B2R4-O6SK68WU-5301IHLH},939,0.000999001,0,0,0,0,N
{B2T9-U5CU17PV-0677HRRE},312,0.000999001,0,0,0,0,N
{B3H9-W8BN79OJ-7914VNCA},908,0.000999001,0,0,0,0,N
{B3K8-M7BZ71MZ-0488KCTJ},281,0.000999001,0,0,0,0,N
{B3U0-S3EH07DL-9967NJSQ},877,0.000999001,0,0,0,0,N
{B3Y0-K8LF21IQ-8501NHFB},250,0.000999001,0,0,0,0,N
{B4D8-M4ZA60QC-1792WXEC},375,0.000999001,0,0,0,0,N
{B4F7-Z2JR24FX-8187IPNQ},971,0.000999001,0,0,0,0,N
{B4X5-Y7ZL36OB-0059OTQR},344,0.000999001,0,0,0,0,N
{B5G7-P7ZE26DQ-2527ASFO},469,0.000999001,0,0,0,0,N
{B5N4-M7AP22CV-0470KIVL},165,0.000999001,0,0,0,0,N
{B6I3-C8CL50LY-4822JONS},438,0.000999001,0,0,0,0,N
{B6M3-Z3QW28OU-9420GHDR},134,0.000999001,0,0,0,0,N
{B6M4-V4HH32QW-0058SBXA},407,0.000999001,0,0,0,0,N
{B6N9-T6DL72GT-4623TDXO},532,0.000999001,0,0,0,0,N
{B6R6-I7FG48LR-0729PHSA},228,0.000999001,0,0,0,0,N
{B6U7-C1CA40EK-9560XLEZ},501,0.000999001,0,0,0,0,N
{B6W7-T4OY30TH-7442KRWV},197,0.000999001,0,0,0,0,N
{B6Z5-H3EX44BW-6279KICR},322,0.000999001,0,0,0,0,N
{B7R8-J6AK96MA-3807ZWKU},595,0.000999001,0,0,0,0,N
{B7S1-S0LI22FU-1967TPSF},291,0.000999001,0,0,0,0,N
{C1M3-P0VB20XT-5027GEBV},915,0.000999001,0,0,0,0,N
{C1R2-E9XH34AB-9741XVYP},611,0.000999001,0,0,0,0,N
{C1U6-V5CR20ZC-2025CVHE},306,0.000999001,0,0,0,0,N
{C2B1-P2ZY13GI-4476IOKO},579,0.000999001,0,0,0,0,N
{C2M4-U6KQ24IQ-9892JZQM},705,0.000999001,0,0,0,0,N
{C2O3-U5HS54KC-7571BEMQ},978,0.000999001,0,0,0,0,N
{C2O7-D2AH20BT-1825WPGZ},674,0.000999001,0,0,0,0,N
{C2U9-P2YW45TP-1847CJPG},946,0.000999001,0,0,0,0,N
{C2Z8-L6OO03IR-4307ZFWH},172,0.000999001,0,0,0,0,N
{C3F2-P5QA22CT-5098QWSS},768,0.000999001,0,0,0,0,N
{C3H3-B9PL13OJ-5835BMBC},141,0.000999001,0,0,0,0,N
{C3I1-H8XT79FQ-6238TSQB},736,0.000999001,0,0,0,0,N
{C3J1-C7WY49RR-6725VTEW},862,0.000999001,0,0,0,0,N
{C3P6-D8DX13WM-5026OJWO},235,0.000999001,0,0,0,0,N
{C3U0-U0NU38YH-6400GFCF},831,0.000999001,0,0,0,0,N
{C3X5-J3WJ45GA-2181QUOV},203,0.000999001,0,0,0,0,N
{C4A9-G8ZE43SQ-5248LYYI},799,0.000999001,0,0,0,0,N
{C4E8-X2AF03VI-6347DALD},925,0.000999001,0,0,0,0,N
{C4F7-B2UB98EZ-3617IZJE},796,0.000999001,0,0,0,0,N
{C5Q2-L8EC28SS-0372EEWV},169,0.000999001,0,0,0,0,N
{C6F5-E9BP83VE-2261VSTA},765,0.000999001,0,0,0,0,N
{C6L9-J8YD66RG-0947LXLN},890,0.000999001,0,0,0,0,N
{C6P7-U1CN10KS-1087BQAE},586,0.000999001,0,0,0,0,N
{C6T2-T1IZ27SS-6456TDSQ},859,0.000999001,0,0,0,0,N
{C7A8-Q4MR75QL-0786XWKK},555,0.000999001,0,0,0,0,N
{C7M0-E3KO19SC-7551WWLY},103,0.000999001,0,0,0,0,N
{C7Q1-N5XD26SC-6713POON},376,0.000999001,0,0,0,0,N
{C7Q9-H5YG32GS-6055GYMU},502,0.000999001,0,0,0,0,N
{C7Z9-Z4WG65KP-1293PTGH},198,0.000999001,0,0,0,0,N
{C8E8-H2QK17DV-6658ZWMJ},793,0.000999001,0,0,0,0,N
{D5P2-C0AR66HU-0090LVUI},919,0.000999001,0,0,0,0,N
{D5Q5-V4AT87FA-7938GXNQ},292,0.000999001,0,0,0,0,N
{D5R4-V6XE37BH-9052GCNN},888,0.000999001,0,0,0,0,N
{D6C9-M6KY00SR-0484WZFI},583,0.000999001,0,0,0,0,N
{D6J5-K9DG08EX-5659OQKP},709,0.000999001,0,0,0,0,N
{D6S6-L9WC97XZ-8675TWRK},405,0.000999001,0,0,0,0,N
{D6U8-F3ZB05SS-8265BNVN},530,0.000999001,0,0,0,0,N
{D7B9-S1MA06FR-1458WUNB},226,0.000999001,0,0,0,0,N
{D7D3-B2HV29GL-8847UZRV},822,0.000999001,0,0,0,0,N
{D7Z3-U9QU85KO-0980NTUL},947,0.000999001,0,0,0,0,N
{D8A3-W4LL38WS-0516RYQO},966,0.000999001,0,0,0,0,N
{D8E4-L9GB26HS-3480EQXH},192,0.000999001,0,0,0,0,N
{D8F6-B8WM02OU-9720NGXL},787,0.000999001,0,0,0,0,N
{D8G6-W4VT17FF-5711HUFP},913,0.000999001,0,0,0,0,N
{D8I4-G1SK54PC-5801ZYWL},932,0.000999001,0,0,0,0,N
{D8M1-G1MW09PI-2746LHBI},157,0.000999001,0,0,0,0,N
{D8M9-C1FW96BU-8436ANOJ},526,0.007992008,0.005994006,0.006006006,0.007604563,1,Y
{D8O2-A0IV07JA-5388DQPD},527,0.000999001,0,0,0,0,N
{D8P4-Y0UN70FN-5962ZFNI},223,0.000999001,0,0,0,0,N
{D8P8-B1HA24QC-8572KPOX},349,0.000999001,0,0,0,0,N
{D8S8-A2GR03EC-5925PZCD},622,0.000999001,0,0,0,0,N
{D8Y9-W3QI00ZY-7158DRDC},317,0.000999001,0,0,0,0,N
{D9B3-V9KX85JS-4823SNSP},590,0.000999001,0,0,0,0,N
{D9C5-X3RB60OZ-9159PUHG},286,0.000999001,0,0,0,0,N
{D9D8-C5SC22YA-0466ILXU},559,0.000999001,0,0,0,0,N
{D9E5-B1DM68BA-0594KCZD},684,0.000999001,0,0,0,0,N
{D9E7-T0NO02AU-3056NMGL},380,0.000999001,0,0,0,0,N
{D9G3-R3VY41ZC-4223YWCR},653,0.000999001,0,0,0,0,N
{E2R7-U0UP23DB-9083TYSU},415,0.007992008,0.004995005,0.005005005,0.005069708,1,N
{E4D5-T8SH33PE-2774EOUH},876,0.000999001,0,0,0,0,N
{E4H0-J2KD38CS-6797EPTY},249,0.000999001,0,0,0,0,N
{E4S1-X4DQ03UE-4863ZOFA},844,0.000999001,0,0,0,0,N
{E4U2-V1NW72OL-3520PWQX},217,0.000999001,0,0,0,0,N
{E4U8-H2HH73KT-5072XIHG},343,0.000999001,0,0,0,0,N
{E4Y1-F8GJ72SP-7841IMTU},939,0.000999001,0,0,0,0,N
{E4Z8-P3IU18AV-3791XEBJ},311,0.000999001,0,0,0,0,N
{E5C1-K9JR90FK-5730ESRK},907,0.000999001,0,0,0,0,N
{E5D5-A4AK93DU-7171SVFI},280,0.000999001,0,0,0,0,N
{E5L2-B9KS84EF-4946MDYW},406,0.000999001,0,0,0,0,N
{E6A6-N8NI51FM-3806OEZZ},679,0.000999001,0,0,0,0,N
{E6F0-V9PQ36MV-1271VGJB},374,0.000999001,0,0,0,0,N
{E6G7-K3YF99OG-9254PXHC},647,0.000999001,0,0,0,0,N
{E6I7-X0EV06TU-6747UIQF},343,0.000999001,0,0,0,0,N
{E6M8-M9HI18KH-0140GSEG},469,0.000999001,0,0,0,0,N
{E6S4-D1QY42GE-1055ISKI},465,0.005994006,0.004995005,0.005005005,0.000633714,1,N
{E6T7-U2ZG88UB-9574FJUJ},839,0.000999001,0,0,0,0,N
{E6Y9-Z5QA56LX-9748ZSOT},211,0.000999001,0,0,0,0,N
{E7F2-T2CO90UB-0587QUUT},807,0.000999001,0,0,0,0,N
{E7I1-P2SO64BW-5719FTKM},180,0.000999001,0,0,0,0,N
{E7N6-M7JC01KJ-5874KZQB},453,0.000999001,0,0,0,0,N
{E7W6-D7PZ16CT-2698FENB},578,0.000999001,0,0,0,0,N
{E8A9-G1YZ90RE-7059WIMT},274,0.000999001,0,0,0,0,N
{E8E4-V4CU09PO-9336LQFL},547,0.000999001,0,0,0,0,N
{E8I0-C5ZZ74TP-2007XWZM},673,0.000999001,0,0,0,0,N
{E8Q8-R4ND71SB-7667PUPQ},945,0.000999001,0,0,0,0,N
{E8R7-T5QD10QH-6169CPWI},641,0.000999001,0,0,0,0,N
{E9A2-Y8VD74BC-1354DHZD},914,0.000999001,0,0,0,0,N
{E9B9-V1YP72MQ-2304KVCM},610,0.000999001,0,0,0,0,N
{E9D6-M3NH33TA-7720BSFX},735,0.000999001,0,0,0,0,N
{E9O3-C9AC31ZE-1531VUBB},108,0.000999001,0,0,0,0,N
{E9P2-X7EG92EJ-7260ZWXZ},704,0.000999001,0,0,0,0,N
{E9P6-Q5RN77NT-8030AHYH},977,0.000999001,0,0,0,0,N
{E9Z8-W5CC42FE-7143PABY},350,0.000999001,0,0,0,0,N
{F0D6-F1ZE60DC-9821EJCR},946,0.000999001,0,0,0,0,N
{F0E3-F9JF62DD-3931ENCG},318,0.000999001,0,0,0,0,N
{F0F7-N1HH96MP-0668VODB},444,0.000999001,0,0,0,0,N
{F0K8-D1CM62HA-5244DQXT},140,0.000999001,0,0,0,0,N
{F0M2-J9YA91CK-3619BGEH},413,0.000999001,0,0,0,0,N
{F0M8-B6ZP86SA-2104RLJW},538,0.000999001,0,0,0,0,N
{F3V0-Y2AQ51SB-1806FCKY},811,0.000999001,0,0,0,0,N
{F3Y5-U3GW32JE-1468QKNI},507,0.000999001,0,0,0,0,N
{F4B1-B8OM22IK-7986DNOG},780,0.000999001,0,0,0,0,N
{F4D5-L7AN87BS-4387WHOI},153,0.000999001,0,0,0,0,N
{F4H4-F9KA52IQ-9685LPIR},748,0.000999001,0,0,0,0,N
{F5V3-Y0EV30FR-8626NFIK},874,0.000999001,0,0,0,0,N
{F7N2-I4MV94KZ-5924FGNF},168,0.000999001,0,0,0,0,N
{F7U4-R8PJ16PH-6015IZZK},617,0.000999001,0,0,0,0,N
{F7U6-K8HG25DG-4483RJFY},890,0.000999001,0,0,0,0,N
{F7U8-I9PX83EQ-1348USMO},585,0.000999001,0,0,0,0,N
{F7Y2-X1QR87TP-4921HNFK},858,0.000999001,0,0,0,0,N
{F8A4-N2ZV26EB-2160HPJY},984,0.000999001,0,0,0,0,N
{F8C8-U1WM48JI-9355PVIG},680,0.000999001,0,0,0,0,N
{F8D1-Q4JJ80VD-2358IEQQ},952,0.000999001,0,0,0,0,N
{F8E3-V3OI83OS-4325MVHH},325,0.000999001,0,0,0,0,N
{F8E5-I5IX53QO-4268CZOM},921,0.000999001,0,0,0,0,N
{F8I7-P8DA94KQ-6603PCNR},294,0.000999001,0,0,0,0,N
{F8K1-T3YB79LT-5869RRQR},420,0.000999001,0,0,0,0,N
{F8K5-T7MX69BY-9808SAYW},692,0.000999001,0,0,0,0,N
{F8K9-G2EL44UZ-8913TUQO},388,0.000999001,0,0,0,0,N
{F8M1-Q6FG48AM-5595TUCP},661,0.000999001,0,0,0,0,N
{G3H7-P5BE12CJ-2236GKPR},787,0.000999001,0,0,0,0,N
{G3J0-U0BQ47LH-6571JFSO},178,0.000999001,0,0,0,0,N
{G3J2-X7CJ97MO-0547WQOX},304,0.000999001,0,0,0,0,N
{G3O3-V4JH73UZ-2765EBSE},899,0.000999001,0,0,0,0,N
{G3T2-O8YX19SL-5128FMTL},595,0.000999001,0,0,0,0,N
{G3T9-V5DP10RR-4488DABB},868,0.000999001,0,0,0,0,N
{G3U3-U8GL17RS-4759ZHTP},994,0.000999001,0,0,0,0,N
{G3V5-A3CU45HL-8627JFBL},367,0.000999001,0,0,0,0,N
{G3X0-F0ZF81QU-1204EYDI},962,0.000999001,0,0,0,0,N
{G4A4-K3HI61FI-9255TSBW},335,0.000999001,0,0,0,0,N
{G4K3-P6WO13HK-6127ZSOD},461,0.000999001,0,0,0,0,N
{G4P1-R6AO57LM-9638WDWH},734,0.000999001,0,0,0,0,N
{G4P4-T2PC58GE-4554MQZV},106,0.000999001,0,0,0,0,N
{G4S8-R8QU29OG-4406YBYM},702,0.000999001,0,0,0,0,N
{G4T5-N3IB65VK-2888RJHU},398,0.000999001,0,0,0,0,N
{G4V2-W5JP20TK-5161LQUK},671,0.000999001,0,0,0,0,N
{G4Y2-R2CM77UI-0235AARN},796,0.000999001,0,0,0,0,N
{G5A0-F4JA99XL-0461ZWQU},169,0.000999001,0,0,0,0,N
{G5F7-A8EH53XO-6379YEGX},765,0.000999001,0,0,0,0,N
{G5R1-Z7OB04IH-0357TMPH},138,0.000999001,0,0,0,0,N
{G5R5-J3JI50YC-4786NZIO},734,0.000999001,0,0,0,0,N
{G5U0-W8JK29BK-2835XEIM},859,0.000999001,0,0,0,0,N
{G6I3-I7YQ08VL-5893MCPE},232,0.000999001,0,0,0,0,N
{G6K6-L6VT70OX-1275VUFN},828,0.000999001,0,0,0,0,N
{G6Q5-A2JL62QM-8536KTYJ},201,0.000999001,0,0,0,0,N
{G7H7-O7CB24SL-5047OIGW},326,0.000999001,0,0,0,0,N
{G8C4-Y6FL32KI-2303AYNM},599,0.000999001,0,0,0,0,N
{G8G2-H3UL98NX-4693YYXM},295,0.000999001,0,0,0,0,N
{G8J1-I3GN29SE-0596YPYV},568,0.000999001,0,0,0,0,N
{G8J2-C4LR14RA-9488ZOKU},264,0.000999001,0,0,0,0,N
{G8L2-O5VB15EO-1821DURG},389,0.000999001,0,0,0,0,N
{G8Y8-J1VE35ZZ-1094QWLW},662,0.000999001,0,0,0,0,N
{G9J0-C3XN50FO-7910QHZB},358,0.000999001,0,0,0,0,N
{G9P8-T9SO54NE-8925CJHZ},954,0.000999001,0,0,0,0,N
{G9X7-T1ZK71KK-6670REPW},326,0.000999001,0,0,0,0,N
{H0A3-D4PZ47TZ-1007RTSC},452,0.000999001,0,0,0,0,N
{H1E4-U0IU16JR-6471SEGS},725,0.000999001,0,0,0,0,N
{H1F2-D7JQ03DL-6334VFSK},421,0.000999001,0,0,0,0,N
{H1H9-I5IL76RX-1902XTST},546,0.000999001,0,0,0,0,N
{H1I2-Q4KH58QZ-4575WOSB},819,0.000999001,0,0,0,0,N
{H1K1-O0XE99ZK-5123UAVO},515,0.000999001,0,0,0,0,N
{H1L5-H6BK38IT-0581VPQE},788,0.000999001,0,0,0,0,N
{H1M8-B4VA33PA-4424MMWJ},483,0.000999001,0,0,0,0,N
{H1R7-H1QL36CR-2232WJKO},756,0.000999001,0,0,0,0,N
{H1R8-M4NJ86PH-5247CPHR},882,0.000999001,0,0,0,0,N
{H1U2-I0UI03GM-4836YHZW},578,0.000999001,0,0,0,0,N
{H1W2-E5DM29ZY-8025HMSS},850,0.000999001,0,0,0,0,N
{H1X0-M7MM85PY-9888FIED},546,0.000999001,0,0,0,0,N
{H2B5-J7PF34DZ-1408GOMS},819,0.000999001,0,0,0,0,N
{H2S7-P8JJ99PK-7958MUSO},945,0.000999001,0,0,0,0,N
{H2V8-J4UJ58QK-0439MQZX},318,0.000999001,0,0,0,0,N
{H3F1-R1QA26QR-5492MJSO},913,0.000999001,0,0,0,0,N
{H3H4-S5AZ00AZ-9560IYHC},286,0.000999001,0,0,0,0,N
{H3H5-H8RK06ZP-4674UFWP},412,0.000999001,0,0,0,0,N
{H3J5-S6WE36RA-8739NHSI},685,0.000999001,0,0,0,0,N
{H3M8-A1UW92EE-2093OAPM},380,0.000999001,0,0,0,0,N
{H3S2-L7MK18HM-9059JUUL},653,0.000999001,0,0,0,0,N
{H3S7-V3MP64FG-8965SUOR},349,0.000999001,0,0,0,0,N
{H3U9-X9CY24EF-7556XZNW},622,0.000999001,0,0,0,0,N
{H3X1-T6NC07OO-2708MRUL},895,0.000999001,0,0,0,0,N
{H4B4-O3RY43PI-9696OHFV},120,0.000999001,0,0,0,0,N
{H4G0-A3JM05NI-0131EGUA},716,0.000999001,0,0,0,0,N
{H4H3-S7OL29QZ-3927MLAZ},989,0.000999001,0,0,0,0,N
{H4S4-R4WN04EU-7474GYYY},685,0.000999001,0,0,0,0,N
{H4T1-L6LV81DF-4324FLGF},958,0.000999001,0,0,0,0,N
{H4T6-B3FN74DR-7540QFVS},330,0.000999001,0,0,0,0,N
{H5J7-U9WR18IS-2884GAHY},456,0.000999001,0,0,0,0,N
{H5N4-M3DI29ZP-5174FOXS},729,0.000999001,0,0,0,0,N
{H5O8-A4QC27IC-4467CIAF},425,0.000999001,0,0,0,0,N
{H5X5-F7YC91QQ-6503CIYN},550,0.000999001,0,0,0,0,N
{H6C1-O6WB71BX-3406KCXS},823,0.000999001,0,0,0,0,N
{H6O6-C6EZ20DY-3752SWWQ},196,0.000999001,0,0,0,0,N
{H6P6-F2KP99EF-6001TSEH},792,0.000999001,0,0,0,0,N
{H6P9-F9TV84PS-0928MPYC},164,0.000999001,0,0,0,0,N
{H6Q8-H6XQ08BT-4787XZSE},760,0.000999001,0,0,0,0,N
{H6Z1-P3XL60UC-6333EQHZ},133,0.000999001,0,0,0,0,N
{H7E2-G6TQ83DZ-1957EBMG},259,0.000999001,0,0,0,0,N
{H7J7-Y4FI36ZH-4482RZBN},854,0.000999001,0,0,0,0,N
{H7L6-A4GZ11QC-4119YCSM},550,0.000999001,0,0,0,0,N
{H7P1-X5DT17LR-2245FLYK},823,0.000999001,0,0,0,0,N
{H7W7-L1XE21BG-3037UNCP},428,0.007992008,0.005994006,0.006006006,0.010139417,1,N
{H7W8-O0EN21GD-6607EWXH},723,0.000999001,0,0,0,0,N
{H7X9-G8ME12OW-8411PYNI},419,0.000999001,0,0,0,0,N
{H7Z4-K7JN44CW-9871BITE},114,0.000999001,0,0,0,0,N
{H8B7-D7FG38PI-2862MTAM},240,0.000999001,0,0,0,0,N
{H8E9-G5XI61BJ-6641HOSK},836,0.000999001,0,0,0,0,N
{H8I4-B9GW68AF-7042UGOE},209,0.000999001,0,0,0,0,N
{H8I7-N4PQ93RF-3964CSNL},334,0.000999001,0,0,0,0,N
{H8L6-U5XF38WU-6782GJNT},498,0.003996004,0.008991009,0.009009009,0,1,N
{H8M3-J0KU48UA-0420KAIY},704,0.000999001,0,0,0,0,N
{H8N9-E7IR76LI-2324TULJ},400,0.000999001,0,0,0,0,N
{H8R6-T6MJ31IQ-8555HXTI},673,0.000999001,0,0,0,0,N
{H8Z1-B4NX25JL-5000VIVG},799,0.000999001,0,0,0,0,N
{H9O7-N4ZY55DV-8026TWVI},171,0.000999001,0,0,0,0,N
{H9P5-A2QS28HG-6683RENK},767,0.000999001,0,0,0,0,N
{H9W1-Q0IV32YX-4721XHTJ},140,0.000999001,0,0,0,0,N
{H9W1-X0MC70BT-6065RPAT},736,0.000999001,0,0,0,0,N
{I0C6-Q9AW80AI-5286YZOX},109,0.000999001,0,0,0,0,N
{I0D1-W4CL24BQ-9779MOIY},234,0.000999001,0,0,0,0,N
{I0H2-D4DN78AI-9143SGAI},507,0.000999001,0,0,0,0,N
{I0I6-D5HY02IQ-9739DUPN},203,0.000999001,0,0,0,0,N
{I0J7-P6YY11BR-9421AQUP},476,0.000999001,0,0,0,0,N
{I0T4-V6KZ50TT-5283TQXQ},171,0.000999001,0,0,0,0,N
{I0Z0-D7AP55GX-0323XEGW},444,0.000999001,0,0,0,0,N
{I0Z2-W7DC93TQ-2953NUBA},570,0.000999001,0,0,0,0,N
{I1A0-X0JB22XA-5065RLGO},843,0.000999001,0,0,0,0,N
{I2X9-M5AX27JF-9989NDBD},538,0.000999001,0,0,0,0,N
{I3E2-N7AO37HI-2969ZPQI},9,0.003996004,0.005994006,0.006006006,0.003802281,1,N
{I3J4-E1TG15AF-3692ORZQ},909,0.000999001,0,0,0,0,N
{I3M3-Y3AP40SG-1453DFJU},134,0.000999001,0,0,0,0,N
{I3P6-T0LA48RF-5580HPOT},407,0.000999001,0,0,0,0,N
{I3T3-P3CN15AI-5205PAVS},103,0.000999001,0,0,0,0,N
{I3X9-F8RZ60EK-7125QNZP},376,0.000999001,0,0,0,0,N
{I4D5-C3FM59ZY-6312DZBK},501,0.000999001,0,0,0,0,N
{I4F8-Y1JU56IH-5232TAUZ},774,0.000999001,0,0,0,0,N
{I4Q2-F0ZW75JT-7089ZBGT},470,0.000999001,0,0,0,0,N
{I4T3-Q7LK87NL-5816SBOH},166,0.000999001,0,0,0,0,N
{I4T4-Z7HB50UX-2944EIOV},438,0.000999001,0,0,0,0,N
{I4V2-M6TC60XT-6920KQNX},564,0.000999001,0,0,0,0,N
{I4Z8-H2PC18PV-7639LVAI},837,0.000999001,0,0,0,0,N
{I5D7-N7LB17SC-5412DIBA},533,0.000999001,0,0,0,0,N
{I5E6-J0OB13RJ-0326SHBB},805,0.000999001,0,0,0,0,N
{I5F0-H7JZ69QF-5650AENC},501,0.000999001,0,0,0,0,N
{I5F5-B1PU60BY-2579DAZI},774,0.000999001,0,0,0,0,N
{I5L3-S2HW07CN-4627RTWS},900,0.000999001,0,0,0,0,N
{I5X4-O0YL61UG-0075VCPU},595,0.000999001,0,0,0,0,N
{I5X9-D9QG56LX-1824SGUL},868,0.000999001,0,0,0,0,N
{I6B1-F0KJ72HA-3507BLOO},994,0.000999001,0,0,0,0,N
{I6H0-K9XU08ZP-6456CQUC},690,0.000999001,0,0,0,0,N
{I6J7-S9WH23FA-3060BFEP},385,0.000999001,0,0,0,0,N
{I6P2-V7SV61SX-0766TSMW},257,0.000999001,0,0,0,0,N
{I6S7-D9VR08YM-8763HLFP},382,0.000999001,0,0,0,0,N
{I6T6-M3HQ91BL-6911JSXC},831,0.000999001,0,0,0,0,N
{I6W4-L8QO63DR-2220SNYD},527,0.000999001,0,0,0,0,N
{I7B4-G3YO99MS-6666HHQQ},800,0.000999001,0,0,0,0,N
{I7E5-T3UQ21SL-8229QJBS},495,0.000999001,0,0,0,0,N
{I7F6-K9WD40NX-8794TQWQ},621,0.000999001,0,0,0,0,N
{I7H8-D7AT81MN-8813AHEZ},894,0.000999001,0,0,0,0,N
{I7J2-J3UN69UI-9170QLLH},590,0.000999001,0,0,0,0,N
{I7J4-B9EU95QR-4202XRGB},285,0.000999001,0,0,0,0,N
{I7N4-Z4TY28CC-3719CHLL},411,0.000999001,0,0,0,0,N
{I7V7-U6YF01MD-7244HAIT},684,0.000999001,0,0,0,0,N
{I7W0-O7TY50MM-1431GSKI},380,0.000999001,0,0,0,0,N
{I7X2-J1JB17DZ-2607IBWR},505,0.000999001,0,0,0,0,N
{I9H3-I1ED22CN-5678XAKS},201,0.000999001,0,0,0,0,N
{I9H7-P9NM50DN-8434ZYWT},474,0.000999001,0,0,0,0,N
{I9K5-L7XO60VM-5605FQUW},170,0.000999001,0,0,0,0,N
{I9W1-F0RE82BS-8678ZAWE},295,0.000999001,0,0,0,0,N
{I9Y7-F4LI06DO-1544PYKQ},891,0.000999001,0,0,0,0,N
{I9Z4-B8CY06VG-1073JGQI},264,0.000999001,0,0,0,0,N
{J0G2-I5QM75WU-9568QODQ},860,0.000999001,0,0,0,0,N
{J0N1-Y9MF58TQ-5012EABL},985,0.000999001,0,0,0,0,N
{J0P9-H6FP94NT-1449PKGR},681,0.000999001,0,0,0,0,N
{J0W2-U0PF12UN-5776QULX},954,0.000999001,0,0,0,0,N
{J1D2-W8MT59RM-4330YIGW},502,0.000999001,0,0,0,0,N
{J1K1-M6OZ50WM-9701OGBS},198,0.000999001,0,0,0,0,N
{J1Q7-C7ZM08SE-0646BEYZ},324,0.000999001,0,0,0,0,N
{J2B0-L0CD15PQ-4191JHFJ},919,0.000999001,0,0,0,0,N
{J2D3-M5YO52JT-4607GOXK},292,0.000999001,0,0,0,0,N
{J2H4-T8AN43XB-7472YKMA},888,0.000999001,0,0,0,0,N
{J2I3-T1ZR31MY-8508OXMK},261,0.000999001,0,0,0,0,N
{J2O7-F4PH50MQ-6956QWNA},386,0.000999001,0,0,0,0,N
{J3A2-D6MG96OW-7666FQKN},982,0.000999001,0,0,0,0,N
{J3F6-Z1IU94WO-3100KVBP},355,0.000999001,0,0,0,0,N
{J3H2-X8UF42QP-1111EMJL},481,0.000999001,0,0,0,0,N
{J3M8-S8FG00KC-5662FMHC},753,0.000999001,0,0,0,0,N
{J4E6-J7TH23BD-6643LKIS},449,0.000999001,0,0,0,0,N
{J4E8-D0UH41OM-4554GAUW},722,0.000999001,0,0,0,0,N
{J4G0-G1TD71FD-9287NSXA},418,0.000999001,0,0,0,0,N
{J4J5-C1GL56QW-4404GSSA},543,0.000999001,0,0,0,0,N
{J4L0-Q6CU91QZ-1919BTXU},562,0.000999001,0,0,0,0,N
{J4Q0-W8QL59NZ-2056SXUR},835,0.000999001,0,0,0,0,N
{J4R0-I9LY09IX-4592XTGE},961,0.000999001,0,0,0,0,N
{J4S0-I4LC92SY-1109JSIO},656,0.000999001,0,0,0,0,N
{J4Y2-G9YI84QE-3746CSEO},782,0.000999001,0,0,0,0,N
{J4Z2-R5OG24DQ-1168EQUU},478,0.000999001,0,0,0,0,N
{J5D4-J1AQ35HE-2932HOZY},926,0.000999001,0,0,0,0,N
{J5O8-V0EB06CG-4151SGYS},973,0.000999001,0,0,0,0,N
{J5S1-U3WA35ZT-9105MGNB},669,0.000999001,0,0,0,0,N
{J5U0-D7LW65BI-0050IKVD},365,0.000999001,0,0,0,0,N
{J5V5-Q1AY00FV-3967JKBB},638,0.000999001,0,0,0,0,N
{J5W1-F4EJ72KF-4142MSBI},763,0.000999001,0,0,0,0,N
{J5Z5-U8YB97FW-9148CFQF},459,0.000999001,0,0,0,0,N
{J5Z7-P1IC96SU-8080WXMT},155,0.000999001,0,0,0,0,N
{J6I5-U2YC06PW-3840TZLF},280,0.000999001,0,0,0,0,N
{J6P5-X8JK41JZ-1748HMGK},876,0.000999001,0,0,0,0,N
{J6P7-J7FX92ZV-3715IUMF},102,0.000999001,0,0,0,0,N
{J6Y7-C8MA28AM-7298WKUY},375,0.000999001,0,0,0,0,N
{J6Y7-M6QM10UB-8987UHNY},970,0.000999001,0,0,0,0,N
{J6Y9-B9IB47HQ-3168AURS},666,0.000999001,0,0,0,0,N
{J7O7-Q4UI24ZN-0635RDME},792,0.000999001,0,0,0,0,N
{J7Q3-J4RM45KN-0745PPXU},165,0.000999001,0,0,0,0,N
{J7Q8-W1PN77HP-4422QMCP},183,0.000999001,0,0,0,0,N
{J7S0-U0RB51OV-1866RPVP},309,0.000999001,0,0,0,0,N
{J7Z2-L8QM57MG-3315LKQG},582,0.000999001,0,0,0,0,N
{J8D2-U3XD39MM-5455SDSY},505,0.005994006,0.005994006,0.006006006,0.00887199,1,Y
{J8M4-D8IB31UA-6097XSHB},375,0.000999001,0,0,0,0,N
{J8R6-R9OV90PA-7475YZVR},500,0.000999001,0,0,0,0,N
{J8S4-V9GS52GK-0082HIIS},773,0.000999001,0,0,0,0,N
{J9C9-A5NE31DC-4087QXOV},469,0.000999001,0,0,0,0,N
{J9D7-T9FK68XD-6049PHHA},917,0.000999001,0,0,0,0,N
{J9L1-Q0BG65WU-7545CKYI},613,0.000999001,0,0,0,0,N
{J9L5-F5SL92WJ-8897ENXO},739,0.000999001,0,0,0,0,N
{J9M9-N0GA24CK-5517WEJM},112,0.000999001,0,0,0,0,N
{J9N7-P8AG47SZ-6642MCXG},707,0.000999001,0,0,0,0,N
{J9O6-Z7GH88MP-8410XNLV},403,0.000999001,0,0,0,0,N
{J9U5-Z3CY50PV-1654FWVL},529,0.000999001,0,0,0,0,N
{J9V2-G4DH57GJ-6000FMIA},225,0.000999001,0,0,0,0,N
{J9X3-S3OW78LE-2398HAKZ},350,0.000999001,0,0,0,0,N
{J9X6-H7WC07NK-9930VBCR},623,0.000999001,0,0,0,0,N
{K0D0-A2RN60ZY-1702IJNX},319,0.000999001,0,0,0,0,N
{K0D9-W6UR89GL-2075MGNF},592,0.000999001,0,0,0,0,N
{K0L2-T1PD81ER-1821OYSN},287,0.000999001,0,0,0,0,N
{K1P2-K4NF82HW-5272BDHB},560,0.000999001,0,0,0,0,N
{K1R2-Y0DZ36ZL-2463FDRD},686,0.000999001,0,0,0,0,N
{K1X8-Y1LX87ND-7578UUAT},959,0.000999001,0,0,0,0,N
{K1Z5-A2HC84RS-1078EVDI},654,0.000999001,0,0,0,0,N
{K2B2-R4KA82JF-0817PMNJ},350,0.000999001,0,0,0,0,N
{K2B7-A4VX01ZS-6265TIOX},623,0.000999001,0,0,0,0,N
{K2E0-R0BU87UL-6554FBEO},896,0.000999001,0,0,0,0,N
{K2E7-P9YM15FO-8038AWRF},122,0.000999001,0,0,0,0,N
{K2E8-I1PK24CM-5515KZOO},717,0.000999001,0,0,0,0,N
{K3I9-A5TM37IW-3514KBQD},990,0.000999001,0,0,0,0,N
{K3K8-Y3OQ00HA-8610OEQM},216,0.000999001,0,0,0,0,N
{K3N1-P7QP54BY-2191RQWA},812,0.000999001,0,0,0,0,N
{K3O3-Z3UJ03GF-5596MQRU},184,0.000999001,0,0,0,0,N
{K3R4-S6DW63MB-9729TDAB},780,0.000999001,0,0,0,0,N
{K3X0-Y7VV66YP-9073MWBE},153,0.000999001,0,0,0,0,N
{K5E4-C2FP71DI-4169SMCG},279,0.000999001,0,0,0,0,N
{K5K6-N5TE29YB-3599KMBF},551,0.000999001,0,0,0,0,N
{K6D3-T9LH25VZ-7448XDPY},247,0.000999001,0,0,0,0,N
{K6G5-D7OE64QX-7893YUIM},843,0.000999001,0,0,0,0,N
{K6Q9-E0BF98DU-9874KZAR},216,0.000999001,0,0,0,0,N
{K6S9-H2PK85NU-6620FLIR},341,0.000999001,0,0,0,0,N
{K7C4-T1OY18GD-0453RPCL},614,0.000999001,0,0,0,0,N
{K7C7-B6MH07EY-3467ZXTV},310,0.000999001,0,0,0,0,N
{K7F0-D9IL47BB-7062FCSJ},583,0.000999001,0,0,0,0,N
{K8B4-O7TW28VO-4368XKFR},708,0.000999001,0,0,0,0,N
{K8H5-N5BG75EY-6860HORS},981,0.000999001,0,0,0,0,N
{K8L0-J5IW31KX-0819FNUN},677,0.000999001,0,0,0,0,N
{K8M0-W1GE71TR-4746XFHQ},373,0.000999001,0,0,0,0,N
{K8O0-R4XO81YC-4773VJMH},646,0.000999001,0,0,0,0,N
{K8U7-E9LJ94WK-4987GUDY},771,0.000999001,0,0,0,0,N
{K8U9-T6NX72HC-5625YZMS},144,0.000999001,0,0,0,0,N
{K8W0-J6ED57LS-2105FUVT},740,0.000999001,0,0,0,0,N
{K8X7-U2NQ59TA-4257CYRS},113,0.000999001,0,0,0,0,N
{K9C1-C7NL81CV-5403BVHK},567,0.025974026,0.030969031,0.031031031,0.075411914,1,Y
{K9Q5-G7FP44MG-3797DRAL},658,0.000999001,0,0,0,0,N
{L0H9-Z4ZY47EK-2791KVMR},354,0.000999001,0,0,0,0,N
{L0Y7-T5NB51RA-4419DXQU},627,0.000999001,0,0,0,0,N
{L0Z5-T6IS74RI-6097LPTK},900,0.000999001,0,0,0,0,N
{L1A1-I8YS14EZ-8707DRWO},126,0.000999001,0,0,0,0,N
{L1H8-G5DK20YJ-9575TZIG},721,0.000999001,0,0,0,0,N
{L1W6-I4AY77JC-3903FIHK},994,0.000999001,0,0,0,0,N
{L1Y1-J2QL69OQ-8044CZHC},367,0.000999001,0,0,0,0,N
{L2C2-R2GZ48SJ-7046ALCO},815,0.000999001,0,0,0,0,N
{L2H3-M4WU90LX-0487MDFI},188,0.000999001,0,0,0,0,N
{L2K0-P7YS36YC-1053JDAO},461,0.000999001,0,0,0,0,N
{L3A4-I1KS86XI-6297XHJA},157,0.000999001,0,0,0,0,N
{L3E9-U0GO01JR-3112WVPC},430,0.000999001,0,0,0,0,N
{L3F5-A2PD53VT-9465FJJN},555,0.000999001,0,0,0,0,N
{L3G1-Y6BJ17YG-4762STIV},828,0.000999001,0,0,0,0,N
{L3M2-C2QJ81JJ-7216WNXB},524,0.000999001,0,0,0,0,N
{L4E2-F8MO39KR-1460MYSD},220,0.000999001,0,0,0,0,N
{L4E4-B1FY01TP-9973ISZX},345,0.000999001,0,0,0,0,N
{L4E7-A3OH91XE-1987WMUJ},618,0.000999001,0,0,0,0,N
{L4Q4-W0EP62CT-0974ONED},314,0.000999001,0,0,0,0,N
{L4W6-A1IY33CZ-2699MOCA},587,0.000999001,0,0,0,0,N
{L4W7-Z6AH30RF-5788TDNY},712,0.000999001,0,0,0,0,N
{L4Z2-Y6KO43ZQ-7262FUWI},408,0.000999001,0,0,0,0,N
{L5I0-L7GV75HK-0709ZYNX},104,0.000999001,0,0,0,0,N
{L6A0-O9UX79NN-5656PZJV},230,0.000999001,0,0,0,0,N
{L6B9-O0FL24QY-6458OHKW},825,0.000999001,0,0,0,0,N
{L6E8-N7XE77AX-5128KWBZ},198,0.000999001,0,0,0,0,N
{L6F3-X2JX99EK-2236HDIO},794,0.000999001,0,0,0,0,N
{L6G0-K4RB88DG-1098IRHP},920,0.000999001,0,0,0,0,N
{L6G8-V4HO21SN-3846YZTF},615,0.000999001,0,0,0,0,N
{L6M5-K1BP31BW-5167KXBP},741,0.000999001,0,0,0,0,N
{L6O6-H7ID50RX-1307DGYK},437,0.000999001,0,0,0,0,N
{L6Q0-P8VR18PF-2723EARQ},132,0.000999001,0,0,0,0,N
{L6W1-V3VS45AJ-3125KEIU},405,0.000999001,0,0,0,0,N
{L6W5-J3PC11SY-0350KCYA},531,0.000999001,0,0,0,0,N
{L6X7-X2NE94NM-0259ORJY},227,0.000999001,0,0,0,0,N
{L7F4-A6OQ59HI-7003SBHD},822,0.000999001,0,0,0,0,N
{L7M4-U0VJ57PH-7744GUQG},195,0.000999001,0,0,0,0,N
{L7Q8-A3HI20GW-3964GDIV},321,0.000999001,0,0,0,0,N
{L7S0-T9WV54FT-6143HQPA},917,0.000999001,0,0,0,0,N
{L7X4-K0EW16KW-1432IWEO},142,0.000999001,0,0,0,0,N
{L7Z4-R0ES39CV-4825BUOQ},415,0.000999001,0,0,0,0,N
{L8A9-V4YT32JY-3595CKRL},111,0.000999001,0,0,0,0,N
{L8C2-G2JL70WT-3032TLUR},707,0.000999001,0,0,0,0,N
{L8C2-W9WR16SE-6033FLEZ},979,0.000999001,0,0,0,0,N
{L8C3-T5RB97VK-1015RZZO},205,0.000999001,0,0,0,0,N
{L8R2-A4SU65AY-7464YANA},478,0.000999001,0,0,0,0,N
{L8Y1-Q3LU62DU-7061BGGE},672,0.000999001,0,0,0,0,N
{M0C5-G2ZZ58IC-4067VJRR},221,0.000999001,0,0,0,0,N
{M0L4-U9YL85NP-6229ASVP},817,0.000999001,0,0,0,0,N
{M0Y5-X2CP22JQ-8344BEAZ},942,0.000999001,0,0,0,0,N
{M1E0-H7MS77FE-3504FVHZ},961,0.000999001,0,0,0,0,N
{M1F2-G6JK25PQ-0597CQOF},334,0.000999001,0,0,0,0,N
{M1F6-Q6QW73OE-1827GPZI},459,0.000999001,0,0,0,0,N
{M1S3-Z9HG81PL-1693MRLQ},155,0.000999001,0,0,0,0,N
{M1V6-X9CD92QT-1510TDOS},281,0.000999001,0,0,0,0,N
{M1Z2-Q8OU22TW-4063ZAZP},876,0.000999001,0,0,0,0,N
{M2B6-I9KK40ZC-3975EMXS},249,0.000999001,0,0,0,0,N
{M2H1-X7PS40TP-1773BMMK},845,0.000999001,0,0,0,0,N
{M5Z0-B5LW97OM-3332QWZQ},218,0.000999001,0,0,0,0,N
{M5Z1-F1EE91WM-7953XMBR},343,0.000999001,0,0,0,0,N
{M6A0-S8ZE57PJ-2951NFPR},616,0.000999001,0,0,0,0,N
{M6B5-U1WV33AA-3611GNBD},312,0.000999001,0,0,0,0,N
{M6F3-V1OX27RL-7397HWLJ},585,0.000999001,0,0,0,0,N
{M6G3-K1TD08LC-8398TXEL},281,0.000999001,0,0,0,0,N
{M6G7-K4JQ25VZ-8398LZBV},554,0.000999001,0,0,0,0,N
{M6G9-J5FF90KU-0729NDVB},679,0.000999001,0,0,0,0,N
{M6J6-D6ZW16IB-0813GESC},952,0.000999001,0,0,0,0,N
{M6K6-T2OV22DW-4099QKJW},325,0.000999001,0,0,0,0,N
{M7D7-Z8VR24FA-5016HRBC},458,0.007992008,0.010989011,0.011011011,0.002534854,1,N
{M7H3-N5MP34UL-7396FVJI},871,0.000999001,0,0,0,0,N
{M7H5-C4SO56OW-2757SVKV},243,0.000999001,0,0,0,0,N
{M7M4-M0HU47KN-7103RNYC},839,0.000999001,0,0,0,0,N
{M7Q1-R7BE91FE-5545GWUT},212,0.000999001,0,0,0,0,N
{M7R9-A4DC79XM-3078NDHG},485,0.000999001,0,0,0,0,N
{M7X9-V5OZ59JP-9948XRHK},610,0.000999001,0,0,0,0,N
{M7Y4-F6JQ72XP-8652VKTO},883,0.000999001,0,0,0,0,N
{M7Y9-Z8HX88OI-4783TZWE},579,0.000999001,0,0,0,0,N
{M8B0-V6QU74UT-5031CBQS},275,0.000999001,0,0,0,0,N
{M8C5-E5BR99GT-6139VGQN},146,0.000999001,0,0,0,0,N
{M8I2-G6JS10CZ-3298HWTH},272,0.000999001,0,0,0,0,N
{M8X1-N5NR17OR-0233XMZS},868,0.000999001,0,0,0,0,N
{M8Y0-X5MM27XX-0090BDED},241,0.000999001,0,0,0,0,N
{M8Y5-U5RA11HT-5256MOQD},366,0.000999001,0,0,0,0,N
{M8Y9-P4LW13IE-3902GACH},639,0.000999001,0,0,0,0,N
{M9A0-M9TJ33YM-9539QTYG},335,0.000999001,0,0,0,0,N
{M9D0-A7WV22MQ-2776ERZE},930,0.000999001,0,0,0,0,N
{M9E6-M8UK61XA-7681RSJO},303,0.000999001,0,0,0,0,N
{M9L3-R1YK46GV-4615YPWF},576,0.000999001,0,0,0,0,N
{M9Q8-Y6IZ89UN-2377QXOC},702,0.000999001,0,0,0,0,N
{N0C8-Y3IR44AD-7231ALID},398,0.000999001,0,0,0,0,N
{N0D8-R8AQ44LB-6724EIKN},670,0.000999001,0,0,0,0,N
{N0E2-W3SF87MJ-8323DBCL},366,0.000999001,0,0,0,0,N
{N0F1-Z1RZ48SC-8746ERTQ},492,0.000999001,0,0,0,0,N
{N0G2-J4PU80UB-4369TPFG},765,0.000999001,0,0,0,0,N
{N0H1-C3GT19TM-8751KNRQ},460,0.000999001,0,0,0,0,N
{N0H5-E1ES17UA-1937QSMN},733,0.000999001,0,0,0,0,N
{N0K2-U1NQ65JP-5349PBKT},859,0.000999001,0,0,0,0,N
{N0O2-C7FW38WB-8719CDED},555,0.000999001,0,0,0,0,N
{N0O7-O3JV68JX-5237ESOG},827,0.000999001,0,0,0,0,N
{N0R2-N2JS59OP-1141BDKP},200,0.000999001,0,0,0,0,N
{N0U2-U8VN44LY-8592PGOL},649,0.000999001,0,0,0,0,N
{N0V0-W1UU89XV-9980ALFU},922,0.000999001,0,0,0,0,N
{N0V1-R5BF62JJ-2125CLJM},617,0.000999001,0,0,0,0,N
{N1J0-E8DT29DX-6060OLBQ},890,0.000999001,0,0,0,0,N
{N1K2-N3CA59FQ-8691GARU},586,0.000999001,0,0,0,0,N
{N1R4-X4HK56IW-4435FTAH},859,0.000999001,0,0,0,0,N
{N1S2-Y2WT67QR-7684GYGM},232,0.000999001,0,0,0,0,N
{N1T7-M7AM85HN-8339SAPF},357,0.000999001,0,0,0,0,N
{N2A4-P2VD19KT-3436LEBD},953,0.000999001,0,0,0,0,N
{N2I1-W1SB97GF-9796ZQTP},677,0.000999001,0,0,0,0,N
{N2M0-F5TN53AG-4950HKDE},950,0.000999001,0,0,0,0,N
{N2Q6-E3UG77FZ-0979ZCNT},646,0.000999001,0,0,0,0,N
{N2R6-W3AK60BT-3421IXBP},919,0.000999001,0,0,0,0,N
{N2T4-J3GA07QS-6673GCXT},615,0.000999001,0,0,0,0,N
{N2T9-I1HU96XU-6498HFLL},887,0.000999001,0,0,0,0,N
{N2U0-V5GJ92NF-7920JXYV},436,0.000999001,0,0,0,0,N
{N3E0-X3KG55RO-9856CWFF},884,0.000999001,0,0,0,0,N
{N3H3-U7XK70EA-6579YINO},257,0.000999001,0,0,0,0,N
{N3I3-O9JV46LO-5980BOJN},853,0.000999001,0,0,0,0,N
{N3M3-B7XZ65DD-1970ZHTP},402,0.000999001,0,0,0,0,N
{N3N1-I9KU69NN-1471LPZK},674,0.000999001,0,0,0,0,N
{N3P0-B2YP77YO-6137IGTP},370,0.000999001,0,0,0,0,N
{N3R2-L0CV55EC-0926GURH},496,0.000999001,0,0,0,0,N
{N3V5-B9QS93GE-2506VFWP},192,0.000999001,0,0,0,0,N
{N3Y4-O4IN28VX-7502ORFA},317,0.000999001,0,0,0,0,N
{N3Y6-M5YH21RK-3191TNRQ},590,0.000999001,0,0,0,0,N
{N4A5-K3LG64OJ-1144QGXE},286,0.000999001,0,0,0,0,N
{N4A6-Y1OZ47RJ-4959KJKP},559,0.000999001,0,0,0,0,N
{N4E6-V3QS36SA-3130AUCE},254,0.000999001,0,0,0,0,N
{N4G9-N7TY25OA-7777MNCO},380,0.000999001,0,0,0,0,N
{N4H7-P2MX88WY-4655TODI},653,0.000999001,0,0,0,0,N
{N4K1-Z7QB97BP-6749TYQU},349,0.000999001,0,0,0,0,N
{N4M8-S0OW35LN-7740INAM},621,0.000999001,0,0,0,0,N
{N4N6-C3OH57XF-1715LNXA},317,0.000999001,0,0,0,0,N
{N4O4-G8LA04SO-6757JTFJ},443,0.000999001,0,0,0,0,N
{N5F5-Y3WR76JE-5453DCES},716,0.000999001,0,0,0,0,N
{N5F6-L5XC10CJ-5149BZNR},411,0.000999001,0,0,0,0,N
{N5L3-X5TS74JV-0889OFAG},684,0.000999001,0,0,0,0,N
{N5M2-D8OG71XO-0751EGNS},233,0.000999001,0,0,0,0,N
{N5P7-O7OS35UH-5153QHCL},506,0.000999001,0,0,0,0,N
{N5T4-M3ZM56AK-8473RTUK},201,0.000999001,0,0,0,0,N
{N5Z9-N3NA32QD-8382LUKM},474,0.000999001,0,0,0,0,N
{N6B0-I0GN37LV-7293EIZT},600,0.000999001,0,0,0,0,N
{N6C2-E6PP98SS-7320XETF},873,0.000999001,0,0,0,0,N
{N6F1-P6YN52AL-4486OTLN},568,0.000999001,0,0,0,0,N
{N6G3-O6UY08TR-4058ETSW},841,0.000999001,0,0,0,0,N
{N6J2-D8BE56CZ-8754LTHI},537,0.000999001,0,0,0,0,N
{N6O7-Q2NM92PC-3727RTFV},663,0.000999001,0,0,0,0,N
{N6P2-Q4ZW25AU-1923XKGL},935,0.000999001,0,0,0,0,N
{N6S1-U0EW98DE-7146VPGY},631,0.000999001,0,0,0,0,N
{N6X2-M3JP49QF-8200OJGG},904,0.000999001,0,0,0,0,N
{N7C0-N2UI67ZA-4109EPIA},130,0.000999001,0,0,0,0,N
{N7D4-I8EN00ET-2544MIIK},725,0.000999001,0,0,0,0,N
{N7E1-S4HR55OV-6808HUQH},998,0.000999001,0,0,0,0,N
{N7E7-Y2GK63EQ-7910SKKW},694,0.000999001,0,0,0,0,N
{N7J0-V2CN19YP-0888MBBF},820,0.000999001,0,0,0,0,N
{N7J2-I3VO07SU-1695LOFJ},515,0.000999001,0,0,0,0,N
{N7O2-H8YB33WV-6510IPWV},788,0.000999001,0,0,0,0,N
{N7R2-X9OQ53VL-6691XQTO},484,0.000999001,0,0,0,0,N
{N7V7-U4NW56MM-4062SKTT},757,0.000999001,0,0,0,0,N
{N7X5-H5SD45DX-2324PNZG},882,0.000999001,0,0,0,0,N
{N7X9-X2UQ44WP-1057VGEK},255,0.000999001,0,0,0,0,N
{N7Z6-N1GB79FQ-6872GOJV},851,0.000999001,0,0,0,0,N
{N8A9-L8YY97PU-9403DGUB},224,0.000999001,0,0,0,0,N
{N8J8-W8UQ15PE-1100ZDAO},350,0.000999001,0,0,0,0,N
{N8X1-J3XX08TJ-1900GMUL},622,0.000999001,0,0,0,0,N
{N8X9-W8KU73QH-1842XOIW},318,0.000999001,0,0,0,0,N
{N9B6-V8AK66ZD-6911JZRT},591,0.000999001,0,0,0,0,N
{N9C1-B7NU06MJ-2614WKTT},287,0.000999001,0,0,0,0,N
{N9H7-U9AW54AJ-0902EVEP},412,0.000999001,0,0,0,0,N
{N9J1-E9DC01FU-0597FXMR},685,0.000999001,0,0,0,0,N
{N9L1-Q4MS59BJ-5891NAEG},381,0.000999001,0,0,0,0,N
{N9N0-I6FS69PU-5044UQBZ},654,0.000999001,0,0,0,0,N
{N9V7-G6JE73OD-3991SBUD},350,0.000999001,0,0,0,0,N
{N9X2-I6HG83OI-3229DKOV},497,0.005994006,0.003996004,0.004004004,0.001267427,1,N
{O0D8-J1JX67LH-8234FEXZ},249,0.000999001,0,0,0,0,N
{O0E5-C2IN46HE-8786NTFN},845,0.000999001,0,0,0,0,N
{O0J0-C6QA34EE-8403PHBG},541,0.000999001,0,0,0,0,N
{O0Y0-X0EV93HH-9101YOWJ},814,0.000999001,0,0,0,0,N
{O0Z2-U3AP30GS-3598SRXF},939,0.000999001,0,0,0,0,N
{O1L1-L2LS10FC-5442QNES},635,0.000999001,0,0,0,0,N
{O1M7-K2QK63DA-5314FBNO},908,0.000999001,0,0,0,0,N
{O1O9-F9KK71GL-7230INAY},281,0.000999001,0,0,0,0,N
{O1W9-N3HY60KU-9773TJRP},407,0.000999001,0,0,0,0,N
{O1Z0-G1HU24HN-4690KGFF},679,0.000999001,0,0,0,0,N
{O2G3-A8OY77SX-9144BEBN},375,0.000999001,0,0,0,0,N
{O2H9-K0KH33UA-3602EMWC},971,0.000999001,0,0,0,0,N
{O2J0-K8WR05MR-2491ZGIJ},344,0.000999001,0,0,0,0,N
{O2L1-E3NZ57QH-1247MPRZ},469,0.000999001,0,0,0,0,N
{O2Q6-I5WN38XA-3873MVSH},742,0.000999001,0,0,0,0,N
{O2W5-Z7QP41KX-4357RJMF},438,0.000999001,0,0,0,0,N
{O3Q6-Z7TP08CT-0060RJZT},711,0.000999001,0,0,0,0,N
{O3U4-L5LU89IJ-2213ZAVC},407,0.000999001,0,0,0,0,N
{O3V0-B6AV88JD-6552GBZQ},532,0.000999001,0,0,0,0,N
{O4E8-H6GB82ZR-4909FDRX},805,0.000999001,0,0,0,0,N
{O4I2-Q2ED64HF-0478IXZQ},501,0.000999001,0,0,0,0,N
{O4I9-S3YM80NX-2159TMQS},626,0.000999001,0,0,0,0,N
{Q9B2-M4IS07UA-0489SVRT},474,0.007992008,0.006993007,0.007007007,0.00887199,1,N
{Q9P1-C6AJ84XX-6352ETIO},559,0.005994006,0.008991009,0.009009009,0.007604563,1,Y
{R4A1-B7MC69HN-2015JNUQ},442,0.005994006,0.006993007,0.007007007,0.000633714,0,N
{T3J9-F2QS95QG-5422PEXF},259,0.003996004,0.004995005,0.005005005,0.013307985,1,N
{T5L4-C0SQ31KQ-9934RELI},307,0.005994006,0.011988012,0.012012012,0.013941698,1,N
{U1W8-F1KO33WO-8622KGKO},543,0.005994006,0.005994006,0.006006006,0.005069708,1,Y
{U6P3-V2JO47DM-3598JZDY},512,0.003996004,0.005994006,0.006006006,0.004435995,1,Y
{U7H8-V9US07TS-2349VCYR},606,0.021978022,0.014985015,0.015015015,0.073510773,1,Y
{W4N9-D4MN80LX-1735SGIG},-91,0.003996004,0.006993007,0.007007007,0.012674271,1,N
{X0V1-K1HQ09VA-6098IAXY},380,0.003996004,0.007992008,0.008008008,0,1,N
{X1D7-F8ZX02SF-5740LCNR},394,0.035964036,0.008991009,0.009009009,0.009505703,1,N
{X9D1-Z4GE79IK-0107VHPB},272,0.006993007,0.003996004,0.004004004,0.002534854,1,N
{X9M1-Q8PF98YD-1434TARF},481,0.003996004,0.005994006,0.006006006,0.015209125,1,N
{Y1K0-K0MZ45KD-2427BBHJ},525,0.005994006,0.007992008,0.008008008,0.006970849,1,Y
{Z2H2-P3AG02JV-5273EGKS},517,0.005994006,0.004995005,0.005005005,0.070975919,1,Y
A1N8-N9FH11WG-4282AX170,574,0.00999001,0,0,0.004435995,1,N
